Pclass,sex,age,fare,survived
3,Male,20,94.67,FALSE
1,Female,80,28.06,FALSE
3,Female,72,33.32,TRUE
1,Female,67,57.76,TRUE
1,Male,70,64.67,TRUE
3,Male,57,67.74,TRUE
2,Male,65,55.96,TRUE
3,Female,21,39.28,TRUE
3,Female,26,26.52,FALSE
2,Male,6,89.31,TRUE
2,Female,31,35.35,TRUE
2,Female,18,82.74,FALSE
2,Female,10,73.91,TRUE
3,Male,62,78.92,FALSE
1,Female,9,50.99,TRUE
2,Female,36,23.2,FALSE
3,Male,28,30.07,FALSE
1,Male,67,20.99,TRUE
2,Female,45,26.67,TRUE
1,Female,43,92.23,TRUE
3,Female,14,4.77,TRUE
1,Male,71,1.74,FALSE
1,Female,69,93.94,FALSE
1,Male,41,52.37,FALSE
3,Male,45,80.76,FALSE
1,Female,79,5.51,FALSE
2,Female,32,95.34,TRUE
1,Male,71,35.04,FALSE
1,Male,65,77.97,FALSE
1,Male,9,94.44,TRUE
1,Male,4,36.61,TRUE
3,Male,50,43.97,TRUE
3,Female,75,83.97,FALSE
1,Female,58,3.12,FALSE
1,Female,38,2.14,FALSE
2,Female,6,65.07,TRUE
3,Female,69,93.4,TRUE
3,Female,67,97.88,FALSE
3,Female,54,26.99,TRUE
1,Female,66,15.19,TRUE
1,Female,58,50.55,TRUE
3,Male,72,77.38,TRUE
3,Male,2,52.58,TRUE
2,Female,44,93.81,TRUE
1,Male,33,52.15,TRUE
3,Female,40,47.01,TRUE
3,Male,4,36.11,FALSE
1,Female,20,66.8,FALSE
1,Female,24,94.02,TRUE
1,Female,33,27.86,FALSE
3,Male,16,95.74,FALSE
2,Female,8,62.44,FALSE
2,Male,9,59.86,FALSE
3,Male,48,76.12,TRUE
2,Female,60,56.86,FALSE
2,Male,5,97.25,FALSE
3,Female,43,74.57,TRUE
3,Male,34,73.82,FALSE
3,Male,67,60.67,FALSE
1,Male,69,68.76,FALSE
3,Female,34,75.01,FALSE
3,Male,17,59.66,FALSE
3,Male,29,91.89,FALSE
3,Female,9,22.41,FALSE
2,Female,39,96.36,TRUE
2,Female,39,67.15,TRUE
3,Female,43,74.61,FALSE
1,Male,42,37.17,FALSE
3,Female,27,17.72,FALSE
2,Female,46,70.99,FALSE
2,Male,42,13.25,TRUE
3,Female,13,88.68,TRUE
2,Female,10,38.46,FALSE
2,Female,56,95.59,FALSE
2,Female,35,19.42,FALSE
1,Female,61,97.64,FALSE
1,Male,61,22.44,TRUE
1,Male,74,73.85,FALSE
2,Female,9,11.29,FALSE
3,Male,55,94.94,TRUE
1,Female,65,24.85,FALSE
3,Male,24,15.67,TRUE
3,Female,40,33.42,FALSE
2,Female,34,22.45,TRUE
1,Male,71,97.97,TRUE
3,Male,54,74.53,TRUE
2,Male,68,75.33,TRUE
2,Female,52,16.64,TRUE
2,Male,32,94.14,FALSE
2,Male,66,18.5,TRUE
3,Female,31,90.46,FALSE
1,Male,7,53.21,FALSE
2,Female,4,31.25,TRUE
2,Female,45,19.82,TRUE
2,Female,40,43.71,TRUE
3,Male,12,58.39,TRUE
3,Female,80,92.86,FALSE
2,Male,44,13.14,FALSE
1,Female,36,16.83,FALSE
1,Female,12,62.7,TRUE
3,Male,51,14.08,TRUE
2,Male,3,94.94,TRUE
2,Male,59,35.98,FALSE
3,Male,42,33.44,TRUE
2,Female,7,23.74,FALSE
3,Female,3,62.59,FALSE
3,Female,74,25.31,TRUE
3,Female,5,16.92,TRUE
1,Male,28,14.21,FALSE
3,Male,13,82.25,FALSE
1,Male,79,32.38,TRUE
1,Male,20,91.52,FALSE
2,Male,39,16.49,TRUE
3,Male,9,11.49,FALSE
2,Male,43,12.32,FALSE
1,Female,80,43.73,TRUE
1,Male,16,81.66,TRUE
1,Male,7,72.35,FALSE
3,Male,6,64.61,FALSE
1,Male,31,29.26,TRUE
3,Male,64,66.99,FALSE
2,Female,21,43.54,TRUE
3,Male,44,20.93,FALSE
2,Male,61,53.22,TRUE
1,Male,16,8.45,TRUE
1,Male,71,37.44,TRUE
1,Female,49,68.36,TRUE
1,Female,27,77.44,FALSE
3,Female,43,74.77,TRUE
2,Male,50,47.56,TRUE
1,Female,55,57.62,TRUE
1,Female,35,45.72,TRUE
3,Female,80,30.91,TRUE
1,Female,43,93.71,TRUE
1,Male,41,60.62,TRUE
1,Female,9,22.43,TRUE
3,Female,58,9.35,TRUE
1,Female,22,32.08,FALSE
3,Male,14,35.03,FALSE
2,Female,47,50.23,TRUE
3,Male,5,77.74,FALSE
1,Female,7,14.22,FALSE
2,Male,46,79.41,TRUE
2,Male,3,9.47,TRUE
3,Female,67,3.58,TRUE
2,Male,38,92.34,TRUE
3,Female,56,4.28,FALSE
3,Female,69,46.85,TRUE
3,Female,4,5.29,TRUE
1,Female,76,5.03,TRUE
3,Male,70,84.74,FALSE
3,Male,62,59.1,FALSE
3,Male,66,33.8,FALSE
3,Female,6,98.87,TRUE
2,Female,25,32.17,FALSE
3,Male,29,56.71,FALSE
2,Female,36,25.8,TRUE
2,Female,58,76.35,FALSE
3,Female,78,9.79,TRUE
3,Female,57,39.68,FALSE
1,Male,4,25,TRUE
3,Female,77,33.85,TRUE
2,Female,56,66.18,TRUE
3,Female,49,94.6,TRUE
3,Female,57,78.46,TRUE
1,Male,26,20.91,TRUE
2,Male,57,41.82,TRUE
1,Female,76,47.35,FALSE
2,Female,56,71.62,TRUE
2,Female,36,24.65,TRUE
1,Female,43,99.29,FALSE
1,Female,32,92.01,TRUE
1,Male,54,88.43,TRUE
2,Male,34,95.6,TRUE
1,Female,44,13.89,TRUE
1,Male,55,44.89,TRUE
1,Female,72,47.19,TRUE
3,Female,71,69.04,TRUE
1,Female,31,4.63,FALSE
2,Male,11,80.54,TRUE
3,Male,3,45.04,FALSE
3,Female,10,97.64,TRUE
1,Female,1,65.52,TRUE
1,Female,65,62.56,FALSE
3,Female,24,43.47,TRUE
3,Male,75,98.69,TRUE
1,Female,2,24.17,TRUE
3,Male,3,73.43,TRUE
2,Female,45,12.29,FALSE
3,Female,14,6.82,FALSE
1,Male,18,59.15,TRUE
3,Female,14,39.71,FALSE
2,Female,7,27.9,FALSE
2,Female,22,26.58,FALSE
2,Female,76,1.28,TRUE
2,Male,30,97.15,TRUE
3,Female,48,77.01,TRUE
1,Female,13,5.63,TRUE
2,Female,47,40.28,FALSE
3,Male,41,93.98,FALSE
3,Female,43,52.08,TRUE
1,Male,69,27.92,TRUE
3,Female,45,35.23,FALSE
1,Female,43,15.1,FALSE
2,Female,13,75.27,TRUE
1,Female,34,2.68,FALSE
1,Female,59,83.85,FALSE
1,Female,66,49.53,FALSE
1,Female,38,30.49,TRUE
3,Female,13,31.85,TRUE
1,Male,14,97.37,FALSE
1,Female,24,90.89,TRUE
1,Female,59,43.56,FALSE
1,Male,20,86.01,FALSE
3,Female,65,76.27,FALSE
2,Male,53,84.12,FALSE
1,Male,39,43.23,TRUE
3,Female,62,8.14,FALSE
3,Female,29,67.81,FALSE
3,Male,51,11.8,FALSE
2,Female,67,60.84,FALSE
3,Male,32,83.49,FALSE
1,Female,40,17.71,FALSE
2,Female,46,61.75,TRUE
1,Female,68,58.88,TRUE
2,Female,61,19.08,FALSE
1,Male,25,88.59,TRUE
1,Female,6,8.01,FALSE
1,Male,54,52.22,TRUE
1,Female,51,39.01,FALSE
3,Male,5,87.9,TRUE
3,Male,49,87.37,TRUE
3,Female,1,73.71,FALSE
3,Female,12,69.46,FALSE
1,Male,37,85.41,FALSE
3,Female,41,39.85,FALSE
1,Male,55,18.23,TRUE
3,Female,16,42.67,TRUE
3,Female,58,83.77,FALSE
2,Male,18,50.86,TRUE
3,Male,63,54.2,TRUE
1,Male,60,14.57,TRUE
3,Male,56,64.83,FALSE
1,Male,45,5.44,TRUE
2,Female,76,75.31,TRUE
2,Male,33,87.85,TRUE
3,Female,48,4.03,FALSE
1,Male,69,19.49,TRUE
2,Female,46,64.7,TRUE
1,Male,13,12.86,FALSE
3,Female,71,46.32,TRUE
2,Female,34,13,FALSE
2,Male,52,95.46,TRUE
2,Male,8,83.35,FALSE
3,Male,64,67.23,TRUE
2,Male,15,33.92,FALSE
3,Male,48,84.44,TRUE
2,Male,40,66.51,FALSE
1,Female,59,4.71,FALSE
2,Female,75,12.05,FALSE
1,Female,18,29.02,FALSE
2,Male,45,20.51,FALSE
1,Female,61,31.24,FALSE
2,Male,41,20.47,TRUE
2,Male,58,3.57,FALSE
3,Male,72,56.26,FALSE
3,Male,4,33.19,TRUE
1,Male,21,81.27,FALSE
1,Male,53,66.16,TRUE
2,Male,30,54,TRUE
2,Female,51,7.34,TRUE
1,Female,12,19.35,FALSE
2,Male,71,29.9,FALSE
3,Female,39,65.12,TRUE
3,Male,13,19.92,FALSE
3,Female,40,75.06,TRUE
2,Male,44,41.75,FALSE
2,Female,46,12.21,TRUE
2,Female,63,5.61,FALSE
2,Female,37,8.98,TRUE
2,Male,28,80.12,TRUE
3,Male,18,54.92,FALSE
1,Male,57,6.66,TRUE
2,Female,21,51.22,FALSE
1,Male,35,19.51,FALSE
3,Female,49,40.62,TRUE
2,Male,15,84.22,FALSE
3,Male,2,6.93,FALSE
3,Female,22,49.63,TRUE
1,Female,34,53.24,FALSE
2,Male,56,61.83,FALSE
1,Female,52,99.29,TRUE
3,Female,55,2.71,FALSE
1,Female,80,4.26,FALSE
1,Male,72,73.66,FALSE
1,Female,15,71.83,FALSE
2,Female,5,3.98,TRUE
1,Male,9,4.96,TRUE
3,Male,49,69.67,FALSE
3,Female,70,53.65,FALSE
1,Male,77,95.48,FALSE
2,Male,7,44.78,TRUE
3,Female,5,84.38,FALSE
2,Female,48,1.89,TRUE
2,Female,62,3.6,TRUE
2,Male,46,82.04,FALSE
3,Male,24,42.6,TRUE
3,Female,8,37.28,FALSE
2,Female,46,55.75,FALSE
3,Female,40,50.81,TRUE
1,Female,3,63.01,TRUE
2,Female,44,98.58,FALSE
2,Female,5,71.85,TRUE
2,Female,51,90.22,TRUE
2,Male,59,28.95,TRUE
1,Male,33,12.47,FALSE
3,Female,75,33.36,FALSE
3,Female,69,44.14,TRUE
1,Female,79,7.3,FALSE
1,Female,62,22.31,FALSE
3,Female,53,12.81,FALSE
3,Male,62,51.19,TRUE
2,Male,30,47.38,FALSE
3,Male,8,22.01,FALSE
2,Male,12,48.94,FALSE
1,Male,39,58.01,FALSE
3,Male,62,22.59,TRUE
1,Female,60,19.07,FALSE
1,Female,61,81.29,TRUE
2,Female,77,95.71,TRUE
3,Male,27,50.83,FALSE
3,Male,50,70.28,FALSE
3,Male,9,46.31,TRUE
1,Female,49,39,FALSE
3,Female,35,25.57,TRUE
2,Female,16,95.81,FALSE
2,Female,42,76.31,FALSE
3,Female,2,41.42,FALSE
3,Female,48,94.64,TRUE
2,Male,19,21.59,FALSE
1,Female,63,99.19,FALSE
2,Male,69,53.78,FALSE
3,Male,45,97.03,FALSE
3,Female,39,57.41,TRUE
2,Male,75,56.79,TRUE
1,Male,19,11.51,TRUE
2,Male,53,88.83,TRUE
1,Male,47,66.62,FALSE
1,Female,15,42.13,TRUE
1,Male,77,8.44,FALSE
1,Male,17,87.05,TRUE
2,Female,67,17.4,TRUE
3,Male,79,6.5,FALSE
2,Female,52,45.58,TRUE
1,Male,78,6.12,TRUE
3,Female,20,56.21,TRUE
2,Female,57,55.85,FALSE
1,Male,15,87.99,TRUE
1,Male,33,29.36,TRUE
2,Female,71,33.41,FALSE
3,Female,36,51.04,TRUE
2,Male,29,57.63,FALSE
3,Male,16,63.13,TRUE
1,Male,67,54.63,FALSE
1,Female,5,72.82,FALSE
2,Male,30,10.33,TRUE
3,Female,24,88.65,FALSE
1,Male,29,61.14,TRUE
1,Male,29,85.89,FALSE
1,Male,15,27.07,FALSE
3,Male,15,77.2,FALSE
2,Male,8,80.85,FALSE
2,Female,42,40.01,FALSE
3,Female,3,41.02,TRUE
1,Male,72,69.08,FALSE
2,Male,78,94.85,FALSE
1,Male,31,12.03,TRUE
3,Female,18,42.65,TRUE
3,Male,40,41.28,FALSE
3,Female,8,85.63,TRUE
3,Female,76,25.19,FALSE
2,Male,65,67.49,TRUE
2,Male,24,57.85,TRUE
1,Female,6,89.96,FALSE
3,Female,33,97.57,FALSE
3,Female,27,68.14,TRUE
3,Male,73,26.71,FALSE
1,Female,53,75.42,TRUE
2,Male,31,48.86,TRUE
1,Male,52,25.83,FALSE
2,Female,32,9.93,FALSE
2,Female,4,79.66,TRUE
2,Female,51,53.8,TRUE
2,Female,79,57.93,FALSE
1,Male,8,80.17,TRUE
1,Female,29,65.21,FALSE
1,Male,25,34.12,TRUE
2,Male,79,99.63,TRUE
2,Male,48,62.7,TRUE
3,Female,43,10.48,TRUE
3,Female,25,78.7,FALSE
1,Female,19,30.15,TRUE
3,Male,57,89.07,TRUE
1,Female,79,98.74,FALSE
1,Male,70,61,FALSE
1,Male,64,96.63,TRUE
3,Male,28,93.56,TRUE
1,Female,15,70.7,TRUE
2,Male,62,64.64,FALSE
1,Male,3,81.61,TRUE
3,Male,10,77.54,FALSE
1,Female,2,59.44,TRUE
1,Male,9,33.44,FALSE
3,Female,1,89.95,TRUE
2,Female,6,78.3,TRUE
1,Female,7,93.92,TRUE
2,Male,43,23.47,FALSE
2,Male,32,71.16,FALSE
3,Female,69,48.24,FALSE
3,Male,58,75.38,TRUE
1,Female,64,78.15,FALSE
2,Female,4,65.17,FALSE
3,Female,52,95.83,FALSE
2,Male,69,79.63,FALSE
1,Male,77,37.78,TRUE
3,Female,51,94.05,FALSE
3,Female,13,50.68,TRUE
2,Female,30,35.43,FALSE
2,Female,66,66.07,FALSE
1,Female,48,85.3,TRUE
1,Female,3,48,TRUE
1,Male,77,40.46,TRUE
2,Female,76,34.42,TRUE
1,Female,72,12.7,TRUE
1,Male,29,6.33,TRUE
2,Male,78,50.9,TRUE
1,Male,28,98.39,TRUE
2,Male,67,62.53,FALSE
2,Female,31,17.66,FALSE
3,Female,28,93.14,TRUE
2,Female,67,60.54,FALSE
2,Male,39,69.93,FALSE
1,Male,2,44.52,FALSE
2,Male,77,30.48,FALSE
1,Male,77,11.16,TRUE
2,Female,13,89.63,TRUE
2,Female,47,68.77,TRUE
1,Female,22,28.79,FALSE
1,Female,4,97.31,FALSE
1,Female,29,87.87,TRUE
1,Female,14,19.67,FALSE
2,Female,47,68.51,TRUE
2,Male,68,87.78,TRUE
2,Female,77,30.63,FALSE
1,Female,55,12.99,TRUE
3,Male,49,43.01,TRUE
1,Male,18,52.05,TRUE
1,Female,33,77.93,FALSE
3,Male,7,52.7,TRUE
1,Male,40,8.45,TRUE
3,Male,63,29.63,TRUE
2,Male,22,55.56,TRUE
1,Male,17,89.46,FALSE
2,Female,12,19.26,TRUE
3,Female,25,99.84,FALSE
3,Male,44,23.55,FALSE
2,Female,65,64.64,TRUE
3,Male,57,56.84,FALSE
3,Male,75,77.75,FALSE
2,Male,61,78.65,FALSE
2,Female,22,47.78,FALSE
2,Female,11,30.87,FALSE
1,Female,44,22.48,TRUE
1,Female,1,89.1,TRUE
1,Male,73,94.67,FALSE
3,Female,58,76.69,FALSE
3,Male,53,76.63,TRUE
1,Male,29,60.12,FALSE
1,Male,34,40.65,FALSE
1,Male,19,6.64,FALSE
3,Male,74,97.17,FALSE
3,Male,62,48.14,FALSE
1,Female,20,23.56,FALSE
1,Male,37,32,TRUE
2,Female,44,33.75,TRUE
1,Male,78,75.83,TRUE
3,Female,54,38.44,FALSE
1,Female,53,54.39,TRUE
1,Male,68,32.86,FALSE
3,Female,78,80.27,FALSE
3,Female,26,70.38,FALSE
2,Female,57,59.18,TRUE
3,Female,61,68.78,FALSE
1,Female,4,67.46,FALSE
2,Male,48,90.82,FALSE
1,Female,42,38.3,FALSE
1,Male,52,78.22,TRUE
3,Female,40,45.53,TRUE
2,Male,47,42.44,FALSE
3,Male,17,68.97,TRUE
2,Female,62,59.74,TRUE
3,Male,29,59.01,TRUE
2,Female,60,51.8,TRUE
2,Male,66,78.02,TRUE
3,Female,27,7.58,FALSE
3,Male,38,2.14,FALSE
3,Female,6,62.19,FALSE
3,Male,6,90.53,TRUE
1,Female,18,70.48,TRUE
2,Female,13,97.92,FALSE
1,Male,22,14.44,FALSE
2,Male,60,95.1,FALSE
1,Female,12,57.12,FALSE
2,Female,34,61.07,TRUE
1,Female,43,29.1,FALSE
1,Male,24,15.75,FALSE
2,Male,41,37.87,FALSE
1,Male,55,89.31,FALSE
2,Female,69,58.55,FALSE
1,Male,61,90.53,FALSE
2,Male,9,25.84,FALSE
2,Female,29,5.89,FALSE
2,Male,59,80.15,FALSE
1,Male,50,33.45,TRUE
3,Female,34,66.29,FALSE
3,Male,65,39.53,TRUE
2,Female,7,61.2,TRUE
2,Male,12,12.93,FALSE
2,Male,4,56.65,FALSE
3,Male,80,53.81,FALSE
1,Female,77,95.19,FALSE
3,Male,80,48.15,FALSE
1,Female,41,28.91,TRUE
2,Male,46,82.91,TRUE
2,Male,78,8.82,TRUE
1,Female,38,28.6,TRUE
1,Female,23,61.27,TRUE
3,Male,60,75.64,FALSE
1,Female,40,67.59,FALSE
1,Male,12,76.08,TRUE
3,Male,24,59.88,TRUE
2,Female,37,58.2,TRUE
3,Female,21,8.6,FALSE
3,Male,75,66.08,TRUE
2,Male,54,86.13,TRUE
3,Female,69,28.39,FALSE
1,Male,46,22.71,FALSE
3,Female,78,31.39,TRUE
2,Male,60,40.81,TRUE
3,Male,66,29.06,FALSE
1,Female,67,39.54,TRUE
1,Female,4,44.01,TRUE
2,Male,74,46.6,FALSE
3,Male,11,59.43,FALSE
2,Male,59,59.81,TRUE
1,Male,73,49.19,FALSE
2,Female,70,16.61,TRUE
2,Female,15,82.68,TRUE
1,Male,29,57.55,TRUE
3,Female,66,89.22,FALSE
3,Male,22,81.79,FALSE
1,Male,20,93.67,FALSE
2,Female,62,85.32,FALSE
1,Female,27,14.9,TRUE
3,Male,59,68,TRUE
2,Female,56,75.09,TRUE
3,Male,56,19.23,TRUE
2,Male,72,55.35,TRUE
1,Female,64,51.21,TRUE
3,Female,52,38.3,FALSE
1,Male,11,33.31,TRUE
2,Female,71,91.44,FALSE
3,Female,67,45.32,FALSE
1,Female,74,38.51,FALSE
3,Male,9,64.31,TRUE
1,Male,77,56.09,TRUE
1,Female,13,27.29,TRUE
1,Female,60,85.81,FALSE
2,Female,62,89.28,FALSE
2,Male,8,83.85,TRUE
1,Male,65,25.17,TRUE
2,Female,27,19.04,FALSE
1,Male,59,41.75,FALSE
3,Female,5,16.49,TRUE
2,Male,51,1.85,FALSE
3,Male,34,4.65,FALSE
2,Male,48,8.16,FALSE
2,Female,15,98.87,FALSE
3,Male,52,52.68,FALSE
1,Female,76,83.94,TRUE
1,Female,63,76.17,TRUE
1,Male,30,25.69,FALSE
2,Male,77,17.23,TRUE
1,Female,11,41.29,TRUE
1,Male,54,10.81,FALSE
3,Male,21,58.52,TRUE
3,Male,28,5.6,TRUE
2,Male,41,25.74,TRUE
3,Male,21,79.51,FALSE
2,Male,1,3.39,FALSE
2,Male,16,48.12,TRUE
3,Male,60,59.05,FALSE
1,Female,79,31.01,TRUE
2,Female,21,81.63,FALSE
3,Female,15,39.58,FALSE
2,Male,23,83.11,FALSE
3,Female,74,68.99,TRUE
1,Female,67,53.07,FALSE
1,Male,32,7.71,TRUE
2,Female,20,43.28,FALSE
3,Male,19,61.8,TRUE
2,Female,19,50.25,TRUE
2,Male,31,18.55,FALSE
1,Male,58,21.39,TRUE
2,Male,13,52.06,FALSE
3,Male,3,66.33,TRUE
1,Female,33,88.66,FALSE
1,Male,70,44.59,FALSE
3,Male,9,75.4,FALSE
2,Female,78,27.43,TRUE
3,Male,78,35.31,FALSE
2,Male,54,28.56,TRUE
2,Female,58,56.59,FALSE
1,Male,10,27.95,TRUE
1,Female,9,31.79,FALSE
3,Female,43,91.62,FALSE
1,Female,47,34.3,TRUE
1,Female,57,21.1,FALSE
3,Male,64,22.47,TRUE
2,Male,69,39.5,TRUE
3,Female,8,22.93,FALSE
2,Male,68,40.57,TRUE
1,Male,21,5.41,TRUE
2,Male,50,27.72,FALSE
3,Female,32,79.66,FALSE
3,Female,77,33.37,FALSE
1,Female,76,34.92,FALSE
1,Female,8,22.36,TRUE
2,Female,4,57.71,FALSE
1,Male,57,12.91,FALSE
3,Female,47,99.83,FALSE
3,Male,19,81.45,FALSE
3,Male,3,23.62,TRUE
1,Female,3,42.24,FALSE
1,Male,29,92.52,TRUE
3,Male,23,13.58,FALSE
1,Female,55,29.59,TRUE
1,Male,32,42.38,TRUE
2,Male,30,54.71,TRUE
1,Female,61,87.29,FALSE
2,Male,12,22.66,FALSE
3,Female,18,40.79,TRUE
2,Female,25,61.22,FALSE
2,Male,38,3.64,FALSE
2,Female,24,40.73,TRUE
1,Female,74,52.95,FALSE
1,Male,2,53.48,FALSE
2,Female,70,12.15,FALSE
3,Female,50,59.05,FALSE
2,Male,71,80.59,FALSE
2,Male,18,34.29,TRUE
3,Female,4,84.69,TRUE
1,Male,38,34.53,FALSE
2,Female,67,62.1,FALSE
3,Male,78,21.25,FALSE
2,Male,14,50.19,FALSE
3,Female,35,1.66,FALSE
1,Male,70,22.45,FALSE
1,Male,58,57.87,FALSE
2,Female,55,60.56,TRUE
2,Male,17,98.32,FALSE
3,Female,13,80.82,TRUE
2,Male,60,93.67,TRUE
1,Male,70,90.45,FALSE
3,Male,1,50.32,FALSE
3,Male,50,46.27,TRUE
1,Female,37,30.82,FALSE
3,Male,33,21.73,FALSE
3,Male,14,16.4,FALSE
2,Female,4,49.76,FALSE
1,Female,23,72.25,FALSE
2,Female,5,75.05,FALSE
2,Female,80,84.66,TRUE
2,Female,50,51.89,FALSE
1,Female,53,52.4,FALSE
1,Female,42,28.04,TRUE
3,Female,35,18.23,FALSE
3,Female,28,97.94,FALSE
3,Female,75,87.33,TRUE
2,Female,16,21.68,FALSE
1,Male,61,68.7,FALSE
3,Female,23,8.54,FALSE
2,Male,41,13.96,TRUE
2,Female,37,43.08,FALSE
1,Male,26,53.14,TRUE
1,Female,39,64.01,TRUE
1,Female,67,17.64,TRUE
2,Male,39,63.07,FALSE
1,Male,71,7.6,FALSE
1,Female,14,91.2,TRUE
1,Female,24,22.24,FALSE
2,Male,45,85.81,FALSE
1,Male,28,22.11,TRUE
2,Female,63,33.64,FALSE
1,Male,27,84.07,FALSE
1,Male,8,12.99,TRUE
2,Male,69,18.5,TRUE
3,Male,1,24.06,FALSE
3,Female,17,75.72,FALSE
3,Female,20,39.38,TRUE
2,Male,75,50.96,FALSE
2,Female,65,68.86,TRUE
2,Male,26,22.56,FALSE
3,Female,33,97.22,TRUE
2,Male,55,17.96,TRUE
1,Male,33,93.61,TRUE
3,Male,11,40.85,FALSE
1,Female,62,76.64,FALSE
1,Male,53,58.54,FALSE
3,Male,77,61.24,FALSE
3,Female,20,51.62,FALSE
3,Female,68,81.14,FALSE
1,Male,46,53.63,TRUE
2,Male,33,99.54,TRUE
2,Female,41,54.07,TRUE
1,Female,10,21.05,TRUE
2,Female,71,33.31,FALSE
1,Male,6,56.56,FALSE
2,Male,48,89.64,TRUE
2,Female,25,76.85,FALSE
1,Male,15,50.74,TRUE
1,Female,72,13.32,FALSE
2,Female,13,1.62,TRUE
1,Male,31,41.62,TRUE
2,Male,17,44.47,FALSE
3,Male,63,68.58,TRUE
1,Male,8,74.24,TRUE
1,Female,28,74.4,FALSE
2,Male,46,66.89,FALSE
3,Female,40,76.91,TRUE
1,Female,62,62.1,FALSE
1,Male,46,36.65,TRUE
3,Female,13,68.67,TRUE
2,Male,54,56.39,TRUE
1,Female,74,61.29,TRUE
2,Male,16,45.65,TRUE
1,Female,3,20.32,TRUE
2,Male,66,3.81,FALSE
3,Male,50,31.95,TRUE
3,Female,78,78.95,TRUE
1,Female,72,66.35,TRUE
2,Female,65,72.28,TRUE
3,Male,69,6.62,TRUE
2,Female,19,42.63,FALSE
2,Male,25,68.63,TRUE
2,Female,12,79.66,FALSE
2,Male,50,62.44,TRUE
3,Female,19,38.64,FALSE
2,Female,37,99.36,FALSE
1,Male,47,64.96,TRUE
3,Female,2,27.76,TRUE
2,Female,38,27.54,TRUE
1,Male,17,61.48,TRUE
3,Female,39,57.54,FALSE
3,Male,26,94.55,FALSE
3,Male,9,63.32,TRUE
1,Female,75,99.52,FALSE
1,Male,75,9.13,FALSE
1,Female,59,10.89,TRUE
2,Male,26,58.06,TRUE
3,Female,50,22.23,FALSE
3,Male,30,92.09,FALSE
2,Male,70,87.44,TRUE
3,Female,23,12.66,TRUE
2,Male,55,92.34,TRUE
3,Male,56,57.33,FALSE
1,Male,53,58.09,TRUE
3,Male,37,78.19,FALSE
1,Male,52,94.58,TRUE
2,Male,21,42.12,FALSE
1,Male,37,80.19,FALSE
3,Male,61,74.82,FALSE
2,Female,22,20.56,TRUE
2,Female,54,8.73,FALSE
3,Male,23,79.72,FALSE
1,Female,37,60.39,FALSE
3,Female,62,33.01,TRUE
2,Male,16,88.63,FALSE
2,Female,52,86.44,FALSE
2,Female,1,37.67,FALSE
1,Male,43,52.01,TRUE
1,Male,51,11.57,FALSE
2,Male,2,93.61,TRUE
3,Male,60,53.39,TRUE
3,Female,4,74.96,FALSE
1,Female,58,75.17,TRUE
2,Female,25,21.19,TRUE
1,Female,35,3.04,FALSE
1,Female,4,48.83,FALSE
2,Male,60,49.22,FALSE
3,Male,46,33.98,TRUE
3,Female,79,79.58,FALSE
2,Female,45,56.63,FALSE
3,Male,72,30.85,TRUE
1,Male,21,18.84,FALSE
2,Male,14,25.03,TRUE
2,Male,54,29.93,FALSE
3,Female,70,86.76,TRUE
2,Female,79,49.05,FALSE
1,Male,72,83.63,FALSE
2,Male,79,65.16,FALSE
1,Male,25,15.15,TRUE
3,Male,4,78.51,TRUE
1,Male,6,54.88,TRUE
3,Male,49,41.85,TRUE
1,Male,40,45.82,TRUE
1,Male,42,2.67,FALSE
1,Male,54,68.18,TRUE
2,Male,22,28.18,FALSE
3,Male,37,87.45,TRUE
2,Female,44,6.57,TRUE
2,Male,8,24.61,TRUE
2,Male,69,47.19,FALSE
3,Female,9,91.25,FALSE
1,Male,53,48.57,FALSE
2,Male,64,33.31,TRUE
1,Male,2,25.93,TRUE
3,Female,55,40.71,FALSE
3,Male,76,10.2,TRUE
3,Female,39,70.66,FALSE
2,Male,30,23.23,FALSE
1,Female,61,59.38,TRUE
3,Female,36,97.3,FALSE
3,Male,64,2.99,FALSE
3,Female,80,42.89,FALSE
1,Female,1,77.45,FALSE
1,Female,15,52.92,FALSE
1,Female,33,61.22,TRUE
1,Male,66,23.26,FALSE
2,Male,43,16.64,FALSE
2,Female,51,33.42,TRUE
3,Female,68,95.97,TRUE
2,Female,62,21.44,FALSE
1,Male,46,47.29,FALSE
3,Male,39,48.93,TRUE
1,Male,69,62.84,TRUE
2,Female,29,39.03,FALSE
2,Male,39,94.11,FALSE
1,Male,79,66.34,TRUE
1,Male,48,17.94,TRUE
1,Male,64,85.98,TRUE
2,Female,77,39.34,FALSE
2,Male,24,16.35,FALSE
1,Male,35,14.86,TRUE
3,Male,58,22.97,TRUE
2,Female,57,45.68,TRUE
1,Male,69,96.63,FALSE
3,Male,24,81.87,FALSE
1,Male,21,11.81,TRUE
2,Female,16,71.01,FALSE
1,Male,39,48.95,FALSE
2,Female,76,75.77,FALSE
3,Female,60,1.33,FALSE
2,Male,62,56.37,TRUE
2,Female,62,74.24,TRUE
3,Male,27,88.39,TRUE
1,Female,30,57.56,TRUE
3,Male,53,2.23,FALSE
2,Male,65,3.73,FALSE
3,Female,21,58.26,TRUE
2,Male,3,22.27,FALSE
1,Male,63,67.74,FALSE
3,Male,64,29.04,TRUE
1,Male,48,40.25,TRUE
3,Male,3,72.03,FALSE
2,Female,31,15.95,FALSE
3,Female,23,88.34,TRUE
2,Male,54,79.25,TRUE
2,Female,61,60.99,TRUE
2,Male,45,38.36,FALSE
1,Male,1,9.83,FALSE
3,Male,10,59.13,TRUE
2,Female,37,96.03,FALSE
2,Male,51,10.87,TRUE
1,Female,56,94.6,FALSE
1,Female,19,42.44,TRUE
3,Male,30,36.18,FALSE
3,Male,1,64.43,FALSE
3,Male,74,73.39,FALSE
3,Female,30,43.49,FALSE
3,Male,65,1.67,TRUE
2,Male,57,98.85,FALSE
3,Female,62,94.49,TRUE
1,Male,79,94.15,FALSE
2,Male,23,90.13,TRUE
3,Male,30,83.59,FALSE
1,Male,14,26.56,FALSE
1,Female,7,81.65,FALSE
3,Female,3,63.14,FALSE
3,Male,34,52.62,FALSE
1,Female,4,30.17,TRUE
1,Male,61,9,TRUE
3,Female,48,60.02,FALSE
1,Male,49,27.47,FALSE
1,Female,30,57.84,TRUE
2,Female,39,90.05,TRUE
2,Male,21,13.85,TRUE
3,Male,55,41.33,FALSE
3,Female,64,33.73,FALSE
2,Female,4,28.13,TRUE
3,Male,72,35.53,TRUE
3,Female,16,5.5,TRUE
2,Female,19,18.51,TRUE
3,Male,16,28.94,TRUE
2,Female,71,45.01,TRUE
3,Female,18,88.61,TRUE
1,Female,53,57.47,FALSE
2,Male,27,41.28,FALSE
3,Male,19,72.24,TRUE
3,Male,5,99.89,TRUE
1,Female,46,49.36,TRUE
1,Male,65,1.25,TRUE
3,Female,3,38.85,FALSE
3,Male,80,73,TRUE
3,Female,4,6.33,TRUE
1,Male,22,43.44,FALSE
2,Female,75,95.89,TRUE
1,Male,73,42.91,TRUE
2,Male,54,84.92,TRUE
1,Female,53,92.66,FALSE
3,Male,51,86.65,TRUE
2,Female,43,17.29,FALSE
2,Male,36,19.5,FALSE
3,Female,72,68.25,FALSE
2,Male,78,85.03,TRUE
3,Female,10,75.02,TRUE
1,Female,36,23.82,TRUE
1,Male,62,93.66,FALSE
1,Male,6,66.38,TRUE
3,Female,70,24.06,TRUE
1,Female,12,96.87,FALSE
3,Female,39,25.68,FALSE
1,Male,44,32.57,TRUE
3,Male,22,99.8,TRUE
2,Male,54,63.04,TRUE
3,Female,10,62.9,FALSE
2,Female,49,38.76,TRUE
3,Male,77,21.55,TRUE
2,Female,77,96.17,FALSE
3,Male,16,42.22,FALSE
1,Female,73,93.65,TRUE
1,Male,75,77.56,FALSE
3,Female,66,79.09,FALSE
1,Female,58,53.59,TRUE
2,Female,3,72.08,FALSE
1,Female,80,48.58,FALSE
3,Female,7,26.9,TRUE
3,Female,61,99.03,TRUE
2,Female,27,74.17,TRUE
2,Male,36,9.67,TRUE
1,Male,59,13.74,FALSE
3,Male,12,8.45,FALSE
2,Male,6,45.96,TRUE
2,Female,43,95.84,TRUE
2,Male,15,60.89,TRUE
3,Male,25,62.4,TRUE
3,Male,22,98.17,TRUE
2,Male,39,23.96,TRUE
3,Female,2,3.23,FALSE
1,Male,68,42.73,FALSE
1,Male,80,39.16,TRUE
3,Female,68,67.24,TRUE
1,Male,11,36.82,TRUE
2,Male,58,26.88,FALSE
3,Female,38,93.73,FALSE
3,Female,40,53.95,FALSE
2,Male,24,91.35,TRUE
2,Female,18,12.18,FALSE
3,Female,43,64.73,TRUE
3,Female,77,1.45,TRUE
3,Male,35,2.66,TRUE
1,Female,26,80.6,TRUE
2,Male,47,13.21,TRUE
1,Female,69,97.1,FALSE
1,Female,25,54.25,FALSE
1,Male,8,49.06,FALSE
2,Male,38,59.86,FALSE
2,Female,50,26.6,FALSE
1,Male,13,43.71,TRUE
2,Male,29,21.39,TRUE
3,Female,5,53.85,TRUE
3,Male,18,18.17,FALSE
2,Male,22,85.85,FALSE
1,Male,68,30.29,TRUE
1,Female,75,54.34,FALSE
3,Female,38,99.3,TRUE
3,Female,41,20.94,FALSE
1,Female,57,56.4,FALSE
3,Female,13,81.76,TRUE
1,Male,80,61.07,TRUE
